filename,label
actionskfold/alltogether/s122.jpg,3
actionskfold/alltogether/o153.jpg,2
actionskfold/alltogether/f177.jpg,1
actionskfold/alltogether/f43.jpg,1
actionskfold/alltogether/f57.jpg,1
actionskfold/alltogether/f163.jpg,1
actionskfold/alltogether/o147.jpg,2
actionskfold/alltogether/o190.jpg,2
actionskfold/alltogether/f80.jpg,1
actionskfold/alltogether/f94.jpg,1
actionskfold/alltogether/o184.jpg,2
actionskfold/alltogether/f188.jpg,1
actionskfold/alltogether/o16.jpg,2
actionskfold/alltogether/s70.jpg,3
actionskfold/alltogether/o351.jpg,2
actionskfold/alltogether/o345.jpg,2
actionskfold/alltogether/s64.jpg,3
actionskfold/alltogether/o379.jpg,2
actionskfold/alltogether/s58.jpg,3
actionskfold/alltogether/o386.jpg,2
actionskfold/alltogether/o225.jpg,2
actionskfold/alltogether/o231.jpg,2
actionskfold/alltogether/o219.jpg,2
actionskfold/alltogether/o218.jpg,2
actionskfold/alltogether/o230.jpg,2
actionskfold/alltogether/o224.jpg,2
actionskfold/alltogether/o387.jpg,2
actionskfold/alltogether/o378.jpg,2
actionskfold/alltogether/s59.jpg,3
actionskfold/alltogether/o344.jpg,2
actionskfold/alltogether/s65.jpg,3
actionskfold/alltogether/s71.jpg,3
actionskfold/alltogether/o350.jpg,2
actionskfold/alltogether/o17.jpg,2
actionskfold/alltogether/f95.jpg,1
actionskfold/alltogether/o185.jpg,2
actionskfold/alltogether/o191.jpg,2
actionskfold/alltogether/f81.jpg,1
actionskfold/alltogether/f162.jpg,1
actionskfold/alltogether/f56.jpg,1
actionskfold/alltogether/o146.jpg,2
actionskfold/alltogether/o152.jpg,2
actionskfold/alltogether/s123.jpg,3
actionskfold/alltogether/f42.jpg,1
actionskfold/alltogether/f176.jpg,1
actionskfold/alltogether/o144.jpg,2
actionskfold/alltogether/f54.jpg,1
actionskfold/alltogether/f160.jpg,1
actionskfold/alltogether/f174.jpg,1
actionskfold/alltogether/f40.jpg,1
actionskfold/alltogether/s121.jpg,3
actionskfold/alltogether/o150.jpg,2
actionskfold/alltogether/s109.jpg,3
actionskfold/alltogether/o178.jpg,2
actionskfold/alltogether/f68.jpg,1
actionskfold/alltogether/f148.jpg,1
actionskfold/alltogether/o29.jpg,2
actionskfold/alltogether/o187.jpg,2
actionskfold/alltogether/f97.jpg,1
actionskfold/alltogether/o8.jpg,2
actionskfold/alltogether/f83.jpg,1
actionskfold/alltogether/o193.jpg,2
actionskfold/alltogether/o15.jpg,2
actionskfold/alltogether/s67.jpg,3
actionskfold/alltogether/o346.jpg,2
actionskfold/alltogether/o352.jpg,2
actionskfold/alltogether/s73.jpg,3
actionskfold/alltogether/o385.jpg,2
actionskfold/alltogether/s98.jpg,3
actionskfold/alltogether/o232.jpg,2
actionskfold/alltogether/o226.jpg,2
actionskfold/alltogether/o227.jpg,2
actionskfold/alltogether/o233.jpg,2
actionskfold/alltogether/s99.jpg,3
actionskfold/alltogether/o384.jpg,2
actionskfold/alltogether/o353.jpg,2
actionskfold/alltogether/s72.jpg,3
actionskfold/alltogether/s66.jpg,3
actionskfold/alltogether/o347.jpg,2
actionskfold/alltogether/o14.jpg,2
actionskfold/alltogether/f82.jpg,1
actionskfold/alltogether/o9.jpg,2
actionskfold/alltogether/o192.jpg,2
actionskfold/alltogether/o186.jpg,2
actionskfold/alltogether/o28.jpg,2
actionskfold/alltogether/f96.jpg,1
actionskfold/alltogether/f149.jpg,1
actionskfold/alltogether/o179.jpg,2
actionskfold/alltogether/s108.jpg,3
actionskfold/alltogether/f69.jpg,1
actionskfold/alltogether/f41.jpg,1
actionskfold/alltogether/f175.jpg,1
actionskfold/alltogether/o151.jpg,2
actionskfold/alltogether/s120.jpg,3
actionskfold/alltogether/o145.jpg,2
actionskfold/alltogether/f161.jpg,1
actionskfold/alltogether/f55.jpg,1
actionskfold/alltogether/f159.jpg,1
actionskfold/alltogether/o169.jpg,2
actionskfold/alltogether/s118.jpg,3
actionskfold/alltogether/f79.jpg,1
actionskfold/alltogether/f51.jpg,1
actionskfold/alltogether/f165.jpg,1
actionskfold/alltogether/o141.jpg,2
actionskfold/alltogether/s130.jpg,3
actionskfold/alltogether/s124.jpg,3
actionskfold/alltogether/o155.jpg,2
actionskfold/alltogether/f171.jpg,1
actionskfold/alltogether/f45.jpg,1
actionskfold/alltogether/o10.jpg,2
actionskfold/alltogether/f92.jpg,1
actionskfold/alltogether/o182.jpg,2
actionskfold/alltogether/o196.jpg,2
actionskfold/alltogether/o38.jpg,2
actionskfold/alltogether/f86.jpg,1
actionskfold/alltogether/o343.jpg,2
actionskfold/alltogether/s62.jpg,3
actionskfold/alltogether/s76.jpg,3
actionskfold/alltogether/o357.jpg,2
actionskfold/alltogether/s89.jpg,3
actionskfold/alltogether/o380.jpg,2
actionskfold/alltogether/o237.jpg,2
actionskfold/alltogether/o223.jpg,2
actionskfold/alltogether/o222.jpg,2
actionskfold/alltogether/o236.jpg,2
actionskfold/alltogether/o381.jpg,2
actionskfold/alltogether/s88.jpg,3
actionskfold/alltogether/s77.jpg,3
actionskfold/alltogether/o356.jpg,2
actionskfold/alltogether/o342.jpg,2
actionskfold/alltogether/s63.jpg,3
actionskfold/alltogether/o39.jpg,2
actionskfold/alltogether/o197.jpg,2
actionskfold/alltogether/f87.jpg,1
actionskfold/alltogether/f93.jpg,1
actionskfold/alltogether/o183.jpg,2
actionskfold/alltogether/o11.jpg,2
actionskfold/alltogether/o154.jpg,2
actionskfold/alltogether/s125.jpg,3
actionskfold/alltogether/f44.jpg,1
actionskfold/alltogether/f170.jpg,1
actionskfold/alltogether/f164.jpg,1
actionskfold/alltogether/f50.jpg,1
actionskfold/alltogether/s131.jpg,3
actionskfold/alltogether/o140.jpg,2
actionskfold/alltogether/s119.jpg,3
actionskfold/alltogether/o168.jpg,2
actionskfold/alltogether/f78.jpg,1
actionskfold/alltogether/f158.jpg,1
actionskfold/alltogether/f172.jpg,1
actionskfold/alltogether/f46.jpg,1
actionskfold/alltogether/s127.jpg,3
actionskfold/alltogether/o156.jpg,2
actionskfold/alltogether/o142.jpg,2
actionskfold/alltogether/s133.jpg,3
actionskfold/alltogether/f52.jpg,1
actionskfold/alltogether/f166.jpg,1
actionskfold/alltogether/o13.jpg,2
actionskfold/alltogether/f85.jpg,1
actionskfold/alltogether/o195.jpg,2
actionskfold/alltogether/o181.jpg,2
actionskfold/alltogether/f91.jpg,1
actionskfold/alltogether/o368.jpg,2
actionskfold/alltogether/s49.jpg,3
actionskfold/alltogether/o354.jpg,2
actionskfold/alltogether/s75.jpg,3
actionskfold/alltogether/s61.jpg,3
actionskfold/alltogether/o340.jpg,2
actionskfold/alltogether/o383.jpg,2
actionskfold/alltogether/o208.jpg,2
actionskfold/alltogether/o220.jpg,2
actionskfold/alltogether/o234.jpg,2
actionskfold/alltogether/o235.jpg,2
actionskfold/alltogether/o221.jpg,2
actionskfold/alltogether/o209.jpg,2
actionskfold/alltogether/o382.jpg,2
actionskfold/alltogether/s60.jpg,3
actionskfold/alltogether/o341.jpg,2
actionskfold/alltogether/o355.jpg,2
actionskfold/alltogether/s74.jpg,3
actionskfold/alltogether/o369.jpg,2
actionskfold/alltogether/s48.jpg,3
actionskfold/alltogether/o180.jpg,2
actionskfold/alltogether/f90.jpg,1
actionskfold/alltogether/f84.jpg,1
actionskfold/alltogether/o194.jpg,2
actionskfold/alltogether/o12.jpg,2
actionskfold/alltogether/s132.jpg,3
actionskfold/alltogether/o143.jpg,2
actionskfold/alltogether/f167.jpg,1
actionskfold/alltogether/f53.jpg,1
actionskfold/alltogether/f47.jpg,1
actionskfold/alltogether/f173.jpg,1
actionskfold/alltogether/o157.jpg,2
actionskfold/alltogether/s126.jpg,3
actionskfold/alltogether/f20.jpg,1
actionskfold/alltogether/f114.jpg,1
actionskfold/alltogether/o130.jpg,2
actionskfold/alltogether/o124.jpg,2
actionskfold/alltogether/f100.jpg,1
actionskfold/alltogether/f34.jpg,1
actionskfold/alltogether/f128.jpg,1
actionskfold/alltogether/f7.jpg,1
actionskfold/alltogether/o118.jpg,2
actionskfold/alltogether/o49.jpg,2
actionskfold/alltogether/o61.jpg,2
actionskfold/alltogether/o75.jpg,2
actionskfold/alltogether/o332.jpg,2
actionskfold/alltogether/s13.jpg,3
actionskfold/alltogether/o326.jpg,2
actionskfold/alltogether/s6.jpg,3
actionskfold/alltogether/o246.jpg,2
actionskfold/alltogether/o252.jpg,2
actionskfold/alltogether/o285.jpg,2
actionskfold/alltogether/o291.jpg,2
actionskfold/alltogether/o290.jpg,2
actionskfold/alltogether/o284.jpg,2
actionskfold/alltogether/o253.jpg,2
actionskfold/alltogether/o247.jpg,2
actionskfold/alltogether/s7.jpg,3
actionskfold/alltogether/o327.jpg,2
actionskfold/alltogether/o333.jpg,2
actionskfold/alltogether/s12.jpg,3
actionskfold/alltogether/o74.jpg,2
actionskfold/alltogether/o60.jpg,2
actionskfold/alltogether/o48.jpg,2
actionskfold/alltogether/o119.jpg,2
actionskfold/alltogether/f6.jpg,1
actionskfold/alltogether/f129.jpg,1
actionskfold/alltogether/o125.jpg,2
actionskfold/alltogether/f35.jpg,1
actionskfold/alltogether/f101.jpg,1
actionskfold/alltogether/f115.jpg,1
actionskfold/alltogether/f21.jpg,1
actionskfold/alltogether/o131.jpg,2
actionskfold/alltogether/f103.jpg,1
actionskfold/alltogether/f37.jpg,1
actionskfold/alltogether/o89.jpg,2
actionskfold/alltogether/o127.jpg,2
actionskfold/alltogether/o133.jpg,2
actionskfold/alltogether/f23.jpg,1
actionskfold/alltogether/f117.jpg,1
actionskfold/alltogether/f4.jpg,1
actionskfold/alltogether/o76.jpg,2
actionskfold/alltogether/o62.jpg,2
actionskfold/alltogether/s10.jpg,3
actionskfold/alltogether/o331.jpg,2
actionskfold/alltogether/o319.jpg,2
actionskfold/alltogether/s38.jpg,3
actionskfold/alltogether/s5.jpg,3
actionskfold/alltogether/o251.jpg,2
actionskfold/alltogether/o245.jpg,2
actionskfold/alltogether/o279.jpg,2
actionskfold/alltogether/o292.jpg,2
actionskfold/alltogether/o286.jpg,2
actionskfold/alltogether/o287.jpg,2
actionskfold/alltogether/o293.jpg,2
actionskfold/alltogether/o278.jpg,2
actionskfold/alltogether/o244.jpg,2
actionskfold/alltogether/o250.jpg,2
actionskfold/alltogether/s4.jpg,3
actionskfold/alltogether/o318.jpg,2
actionskfold/alltogether/s39.jpg,3
actionskfold/alltogether/s11.jpg,3
actionskfold/alltogether/o330.jpg,2
actionskfold/alltogether/o324.jpg,2
actionskfold/alltogether/o63.jpg,2
actionskfold/alltogether/o77.jpg,2
actionskfold/alltogether/f5.jpg,1
actionskfold/alltogether/o132.jpg,2
actionskfold/alltogether/f116.jpg,1
actionskfold/alltogether/f22.jpg,1
actionskfold/alltogether/f36.jpg,1
actionskfold/alltogether/f102.jpg,1
actionskfold/alltogether/o126.jpg,2
actionskfold/alltogether/o88.jpg,2
actionskfold/alltogether/f1.jpg,1
actionskfold/alltogether/o122.jpg,2
actionskfold/alltogether/f106.jpg,1
actionskfold/alltogether/f32.jpg,1
actionskfold/alltogether/f26.jpg,1
actionskfold/alltogether/f112.jpg,1
actionskfold/alltogether/o136.jpg,2
actionskfold/alltogether/o98.jpg,2
actionskfold/alltogether/o73.jpg,2
actionskfold/alltogether/o67.jpg,2
actionskfold/alltogether/o308.jpg,2
actionskfold/alltogether/s29.jpg,3
actionskfold/alltogether/o320.jpg,2
actionskfold/alltogether/o334.jpg,2
actionskfold/alltogether/s15.jpg,3
actionskfold/alltogether/s0.jpg,3
actionskfold/alltogether/o268.jpg,2
actionskfold/alltogether/o254.jpg,2
actionskfold/alltogether/o240.jpg,2
actionskfold/alltogether/o297.jpg,2
actionskfold/alltogether/o283.jpg,2
actionskfold/alltogether/o282.jpg,2
actionskfold/alltogether/o296.jpg,2
actionskfold/alltogether/o241.jpg,2
actionskfold/alltogether/o255.jpg,2
actionskfold/alltogether/o269.jpg,2
actionskfold/alltogether/s1.jpg,3
actionskfold/alltogether/o335.jpg,2
actionskfold/alltogether/o321.jpg,2
actionskfold/alltogether/o309.jpg,2
actionskfold/alltogether/s28.jpg,3
actionskfold/alltogether/o66.jpg,2
actionskfold/alltogether/o72.jpg,2
actionskfold/alltogether/f113.jpg,1
actionskfold/alltogether/f27.jpg,1
actionskfold/alltogether/o99.jpg,2
actionskfold/alltogether/o137.jpg,2
actionskfold/alltogether/o123.jpg,2
actionskfold/alltogether/f33.jpg,1
actionskfold/alltogether/f107.jpg,1
actionskfold/alltogether/f0.jpg,1
actionskfold/alltogether/o109.jpg,2
actionskfold/alltogether/f19.jpg,1
actionskfold/alltogether/f2.jpg,1
actionskfold/alltogether/f139.jpg,1
actionskfold/alltogether/o135.jpg,2
actionskfold/alltogether/f25.jpg,1
actionskfold/alltogether/f111.jpg,1
actionskfold/alltogether/f105.jpg,1
actionskfold/alltogether/f31.jpg,1
actionskfold/alltogether/o121.jpg,2
actionskfold/alltogether/o64.jpg,2
actionskfold/alltogether/o70.jpg,2
actionskfold/alltogether/o58.jpg,2
actionskfold/alltogether/s16.jpg,3
actionskfold/alltogether/o337.jpg,2
actionskfold/alltogether/o323.jpg,2
actionskfold/alltogether/s3.jpg,3
actionskfold/alltogether/o243.jpg,2
actionskfold/alltogether/o257.jpg,2
actionskfold/alltogether/o280.jpg,2
actionskfold/alltogether/o294.jpg,2
actionskfold/alltogether/o295.jpg,2
actionskfold/alltogether/o281.jpg,2
actionskfold/alltogether/o256.jpg,2
actionskfold/alltogether/o242.jpg,2
actionskfold/alltogether/s2.jpg,3
actionskfold/alltogether/o322.jpg,2
actionskfold/alltogether/s17.jpg,3
actionskfold/alltogether/o336.jpg,2
actionskfold/alltogether/o59.jpg,2
actionskfold/alltogether/o71.jpg,2
actionskfold/alltogether/o65.jpg,2
actionskfold/alltogether/f30.jpg,1
actionskfold/alltogether/f104.jpg,1
actionskfold/alltogether/o120.jpg,2
actionskfold/alltogether/o134.jpg,2
actionskfold/alltogether/f110.jpg,1
actionskfold/alltogether/f24.jpg,1
actionskfold/alltogether/f138.jpg,1
actionskfold/alltogether/o108.jpg,2
actionskfold/alltogether/f3.jpg,1
actionskfold/alltogether/f135.jpg,1
actionskfold/alltogether/o111.jpg,2
actionskfold/alltogether/o105.jpg,2
actionskfold/alltogether/f15.jpg,1
actionskfold/alltogether/f121.jpg,1
actionskfold/alltogether/f109.jpg,1
actionskfold/alltogether/o83.jpg,2
actionskfold/alltogether/o97.jpg,2
actionskfold/alltogether/o139.jpg,2
actionskfold/alltogether/f29.jpg,1
actionskfold/alltogether/o68.jpg,2
actionskfold/alltogether/o40.jpg,2
actionskfold/alltogether/o54.jpg,2
actionskfold/alltogether/o313.jpg,2
actionskfold/alltogether/s32.jpg,3
actionskfold/alltogether/s26.jpg,3
actionskfold/alltogether/o307.jpg,2
actionskfold/alltogether/o267.jpg,2
actionskfold/alltogether/o273.jpg,2
actionskfold/alltogether/o298.jpg,2
actionskfold/alltogether/o299.jpg,2
actionskfold/alltogether/o272.jpg,2
actionskfold/alltogether/o266.jpg,2
actionskfold/alltogether/s27.jpg,3
actionskfold/alltogether/o306.jpg,2
actionskfold/alltogether/o312.jpg,2
actionskfold/alltogether/s33.jpg,3
actionskfold/alltogether/o55.jpg,2
actionskfold/alltogether/o41.jpg,2
actionskfold/alltogether/o69.jpg,2
actionskfold/alltogether/o138.jpg,2
actionskfold/alltogether/o96.jpg,2
actionskfold/alltogether/f28.jpg,1
actionskfold/alltogether/f108.jpg,1
actionskfold/alltogether/o82.jpg,2
actionskfold/alltogether/o104.jpg,2
actionskfold/alltogether/f120.jpg,1
actionskfold/alltogether/f14.jpg,1
actionskfold/alltogether/f134.jpg,1
actionskfold/alltogether/o110.jpg,2
actionskfold/alltogether/f16.jpg,1
actionskfold/alltogether/f122.jpg,1
actionskfold/alltogether/o106.jpg,2
actionskfold/alltogether/o112.jpg,2
actionskfold/alltogether/f136.jpg,1
actionskfold/alltogether/o94.jpg,2
actionskfold/alltogether/o80.jpg,2
actionskfold/alltogether/o57.jpg,2
actionskfold/alltogether/o43.jpg,2
actionskfold/alltogether/o304.jpg,2
actionskfold/alltogether/s25.jpg,3
actionskfold/alltogether/s31.jpg,3
actionskfold/alltogether/o310.jpg,2
actionskfold/alltogether/o338.jpg,2
actionskfold/alltogether/s19.jpg,3
actionskfold/alltogether/o270.jpg,2
actionskfold/alltogether/o264.jpg,2
actionskfold/alltogether/o258.jpg,2
actionskfold/alltogether/o259.jpg,2
actionskfold/alltogether/o265.jpg,2
actionskfold/alltogether/o271.jpg,2
actionskfold/alltogether/o339.jpg,2
actionskfold/alltogether/s18.jpg,3
actionskfold/alltogether/s30.jpg,3
actionskfold/alltogether/o311.jpg,2
actionskfold/alltogether/o305.jpg,2
actionskfold/alltogether/s24.jpg,3
actionskfold/alltogether/o42.jpg,2
actionskfold/alltogether/o56.jpg,2
actionskfold/alltogether/o81.jpg,2
actionskfold/alltogether/o95.jpg,2
actionskfold/alltogether/o113.jpg,2
actionskfold/alltogether/f137.jpg,1
actionskfold/alltogether/f123.jpg,1
actionskfold/alltogether/f17.jpg,1
actionskfold/alltogether/o107.jpg,2
actionskfold/alltogether/o91.jpg,2
actionskfold/alltogether/o85.jpg,2
actionskfold/alltogether/o103.jpg,2
actionskfold/alltogether/f13.jpg,1
actionskfold/alltogether/f8.jpg,1
actionskfold/alltogether/f127.jpg,1
actionskfold/alltogether/f133.jpg,1
actionskfold/alltogether/o117.jpg,2
actionskfold/alltogether/o52.jpg,2
actionskfold/alltogether/o46.jpg,2
actionskfold/alltogether/o329.jpg,2
actionskfold/alltogether/s20.jpg,3
actionskfold/alltogether/o301.jpg,2
actionskfold/alltogether/o315.jpg,2
actionskfold/alltogether/s34.jpg,3
actionskfold/alltogether/s9.jpg,3
actionskfold/alltogether/o249.jpg,2
actionskfold/alltogether/o275.jpg,2
actionskfold/alltogether/o261.jpg,2
actionskfold/alltogether/o260.jpg,2
actionskfold/alltogether/o274.jpg,2
actionskfold/alltogether/o248.jpg,2
actionskfold/alltogether/s8.jpg,3
actionskfold/alltogether/o314.jpg,2
actionskfold/alltogether/s35.jpg,3
actionskfold/alltogether/s21.jpg,3
actionskfold/alltogether/o300.jpg,2
actionskfold/alltogether/o328.jpg,2
actionskfold/alltogether/o47.jpg,2
actionskfold/alltogether/o53.jpg,2
actionskfold/alltogether/f132.jpg,1
actionskfold/alltogether/o116.jpg,2
actionskfold/alltogether/o102.jpg,2
actionskfold/alltogether/f126.jpg,1
actionskfold/alltogether/f9.jpg,1
actionskfold/alltogether/f12.jpg,1
actionskfold/alltogether/o84.jpg,2
actionskfold/alltogether/o90.jpg,2
actionskfold/alltogether/o128.jpg,2
actionskfold/alltogether/o86.jpg,2
actionskfold/alltogether/f38.jpg,1
actionskfold/alltogether/f118.jpg,1
actionskfold/alltogether/o92.jpg,2
actionskfold/alltogether/o114.jpg,2
actionskfold/alltogether/f130.jpg,1
actionskfold/alltogether/f10.jpg,1
actionskfold/alltogether/f124.jpg,1
actionskfold/alltogether/o100.jpg,2
actionskfold/alltogether/o45.jpg,2
actionskfold/alltogether/o51.jpg,2
actionskfold/alltogether/o79.jpg,2
actionskfold/alltogether/s37.jpg,3
actionskfold/alltogether/o316.jpg,2
actionskfold/alltogether/o302.jpg,2
actionskfold/alltogether/s23.jpg,3
actionskfold/alltogether/o262.jpg,2
actionskfold/alltogether/o276.jpg,2
actionskfold/alltogether/o289.jpg,2
actionskfold/alltogether/o288.jpg,2
actionskfold/alltogether/o277.jpg,2
actionskfold/alltogether/o263.jpg,2
actionskfold/alltogether/o303.jpg,2
actionskfold/alltogether/s22.jpg,3
actionskfold/alltogether/s36.jpg,3
actionskfold/alltogether/o317.jpg,2
actionskfold/alltogether/o78.jpg,2
actionskfold/alltogether/o44.jpg,2
actionskfold/alltogether/f125.jpg,1
actionskfold/alltogether/f11.jpg,1
actionskfold/alltogether/o101.jpg,2
actionskfold/alltogether/o115.jpg,2
actionskfold/alltogether/f131.jpg,1
actionskfold/alltogether/f119.jpg,1
actionskfold/alltogether/o93.jpg,2
actionskfold/alltogether/o87.jpg,2
actionskfold/alltogether/o129.jpg,2
actionskfold/alltogether/f39.jpg,1
actionskfold/alltogether/o172.jpg,2
actionskfold/alltogether/s103.jpg,3
actionskfold/alltogether/f62.jpg,1
actionskfold/alltogether/f156.jpg,1
actionskfold/alltogether/f142.jpg,1
actionskfold/alltogether/f76.jpg,1
actionskfold/alltogether/s117.jpg,3
actionskfold/alltogether/o166.jpg,2
actionskfold/alltogether/f181.jpg,1
actionskfold/alltogether/o23.jpg,2
actionskfold/alltogether/o2.jpg,2
actionskfold/alltogether/f89.jpg,1
actionskfold/alltogether/o37.jpg,2
actionskfold/alltogether/o199.jpg,2
actionskfold/alltogether/s51.jpg,3
actionskfold/alltogether/o370.jpg,2
actionskfold/alltogether/o364.jpg,2
actionskfold/alltogether/s45.jpg,3
actionskfold/alltogether/o358.jpg,2
actionskfold/alltogether/s79.jpg,3
actionskfold/alltogether/s92.jpg,3
actionskfold/alltogether/s86.jpg,3
actionskfold/alltogether/o204.jpg,2
actionskfold/alltogether/o210.jpg,2
actionskfold/alltogether/o238.jpg,2
actionskfold/alltogether/o239.jpg,2
actionskfold/alltogether/o211.jpg,2
actionskfold/alltogether/o205.jpg,2
actionskfold/alltogether/s87.jpg,3
actionskfold/alltogether/s93.jpg,3
actionskfold/alltogether/o359.jpg,2
actionskfold/alltogether/s78.jpg,3
actionskfold/alltogether/o365.jpg,2
actionskfold/alltogether/s44.jpg,3
actionskfold/alltogether/s50.jpg,3
actionskfold/alltogether/o371.jpg,2
actionskfold/alltogether/f88.jpg,1
actionskfold/alltogether/o3.jpg,2
actionskfold/alltogether/o198.jpg,2
actionskfold/alltogether/o36.jpg,2
actionskfold/alltogether/o22.jpg,2
actionskfold/alltogether/f180.jpg,1
actionskfold/alltogether/f77.jpg,1
actionskfold/alltogether/f143.jpg,1
actionskfold/alltogether/o167.jpg,2
actionskfold/alltogether/s116.jpg,3
actionskfold/alltogether/s102.jpg,3
actionskfold/alltogether/o173.jpg,2
actionskfold/alltogether/f157.jpg,1
actionskfold/alltogether/f63.jpg,1
actionskfold/alltogether/s114.jpg,3
actionskfold/alltogether/o165.jpg,2
actionskfold/alltogether/f141.jpg,1
actionskfold/alltogether/f75.jpg,1
actionskfold/alltogether/f61.jpg,1
actionskfold/alltogether/f155.jpg,1
actionskfold/alltogether/o171.jpg,2
actionskfold/alltogether/s100.jpg,3
actionskfold/alltogether/o159.jpg,2
actionskfold/alltogether/s128.jpg,3
actionskfold/alltogether/f49.jpg,1
actionskfold/alltogether/f169.jpg,1
actionskfold/alltogether/f182.jpg,1
actionskfold/alltogether/o34.jpg,2
actionskfold/alltogether/o1.jpg,2
actionskfold/alltogether/o20.jpg,2
actionskfold/alltogether/s46.jpg,3
actionskfold/alltogether/o367.jpg,2
actionskfold/alltogether/o373.jpg,2
actionskfold/alltogether/s52.jpg,3
actionskfold/alltogether/s85.jpg,3
actionskfold/alltogether/s91.jpg,3
actionskfold/alltogether/o213.jpg,2
actionskfold/alltogether/o207.jpg,2
actionskfold/alltogether/o206.jpg,2
actionskfold/alltogether/o212.jpg,2
actionskfold/alltogether/s90.jpg,3
actionskfold/alltogether/s84.jpg,3
actionskfold/alltogether/o372.jpg,2
actionskfold/alltogether/s53.jpg,3
actionskfold/alltogether/s47.jpg,3
actionskfold/alltogether/o366.jpg,2
actionskfold/alltogether/o21.jpg,2
actionskfold/alltogether/o35.jpg,2
actionskfold/alltogether/o0.jpg,2
actionskfold/alltogether/f183.jpg,1
actionskfold/alltogether/f168.jpg,1
actionskfold/alltogether/s129.jpg,3
actionskfold/alltogether/o158.jpg,2
actionskfold/alltogether/f48.jpg,1
actionskfold/alltogether/f154.jpg,1
actionskfold/alltogether/f60.jpg,1
actionskfold/alltogether/s101.jpg,3
actionskfold/alltogether/o170.jpg,2
actionskfold/alltogether/o164.jpg,2
actionskfold/alltogether/s115.jpg,3
actionskfold/alltogether/f74.jpg,1
actionskfold/alltogether/f140.jpg,1
actionskfold/alltogether/f178.jpg,1
actionskfold/alltogether/o148.jpg,2
actionskfold/alltogether/f58.jpg,1
actionskfold/alltogether/f144.jpg,1
actionskfold/alltogether/f70.jpg,1
actionskfold/alltogether/s111.jpg,3
actionskfold/alltogether/o160.jpg,2
actionskfold/alltogether/o174.jpg,2
actionskfold/alltogether/s105.jpg,3
actionskfold/alltogether/f64.jpg,1
actionskfold/alltogether/o4.jpg,2
actionskfold/alltogether/o31.jpg,2
actionskfold/alltogether/o25.jpg,2
actionskfold/alltogether/f187.jpg,1
actionskfold/alltogether/o19.jpg,2
actionskfold/alltogether/o362.jpg,2
actionskfold/alltogether/s43.jpg,3
actionskfold/alltogether/s57.jpg,3
actionskfold/alltogether/o376.jpg,2
actionskfold/alltogether/o389.jpg,2
actionskfold/alltogether/s80.jpg,3
actionskfold/alltogether/s94.jpg,3
actionskfold/alltogether/o216.jpg,2
actionskfold/alltogether/o202.jpg,2
actionskfold/alltogether/o203.jpg,2
actionskfold/alltogether/o217.jpg,2
actionskfold/alltogether/s95.jpg,3
actionskfold/alltogether/s81.jpg,3
actionskfold/alltogether/o388.jpg,2
actionskfold/alltogether/s56.jpg,3
actionskfold/alltogether/o377.jpg,2
actionskfold/alltogether/o363.jpg,2
actionskfold/alltogether/s42.jpg,3
actionskfold/alltogether/o18.jpg,2
actionskfold/alltogether/f186.jpg,1
actionskfold/alltogether/o24.jpg,2
actionskfold/alltogether/o5.jpg,2
actionskfold/alltogether/o30.jpg,2
actionskfold/alltogether/s104.jpg,3
actionskfold/alltogether/o175.jpg,2
actionskfold/alltogether/f151.jpg,1
actionskfold/alltogether/f65.jpg,1
actionskfold/alltogether/f71.jpg,1
actionskfold/alltogether/f145.jpg,1
actionskfold/alltogether/o161.jpg,2
actionskfold/alltogether/s110.jpg,3
actionskfold/alltogether/o149.jpg,2
actionskfold/alltogether/f59.jpg,1
actionskfold/alltogether/f179.jpg,1
actionskfold/alltogether/f67.jpg,1
actionskfold/alltogether/f153.jpg,1
actionskfold/alltogether/o177.jpg,2
actionskfold/alltogether/s106.jpg,3
actionskfold/alltogether/s112.jpg,3
actionskfold/alltogether/o163.jpg,2
actionskfold/alltogether/f147.jpg,1
actionskfold/alltogether/f73.jpg,1
actionskfold/alltogether/f98.jpg,1
actionskfold/alltogether/o188.jpg,2
actionskfold/alltogether/o26.jpg,2
actionskfold/alltogether/o32.jpg,2
actionskfold/alltogether/o7.jpg,2
actionskfold/alltogether/f184.jpg,1
actionskfold/alltogether/o349.jpg,2
actionskfold/alltogether/s68.jpg,3
actionskfold/alltogether/o375.jpg,2
actionskfold/alltogether/s54.jpg,3
actionskfold/alltogether/s40.jpg,3
actionskfold/alltogether/o361.jpg,2
actionskfold/alltogether/s97.jpg,3
actionskfold/alltogether/s83.jpg,3
actionskfold/alltogether/o229.jpg,2
actionskfold/alltogether/o201.jpg,2
actionskfold/alltogether/o215.jpg,2
actionskfold/alltogether/o214.jpg,2
actionskfold/alltogether/o200.jpg,2
actionskfold/alltogether/o228.jpg,2
actionskfold/alltogether/s82.jpg,3
actionskfold/alltogether/s96.jpg,3
actionskfold/alltogether/s41.jpg,3
actionskfold/alltogether/o360.jpg,2
actionskfold/alltogether/o374.jpg,2
actionskfold/alltogether/s55.jpg,3
actionskfold/alltogether/o348.jpg,2
actionskfold/alltogether/s69.jpg,3
actionskfold/alltogether/f185.jpg,1
actionskfold/alltogether/o33.jpg,2
actionskfold/alltogether/o6.jpg,2
actionskfold/alltogether/f99.jpg,1
actionskfold/alltogether/o27.jpg,2
actionskfold/alltogether/o189.jpg,2
actionskfold/alltogether/o162.jpg,2
actionskfold/alltogether/f72.jpg,1
actionskfold/alltogether/f146.jpg,1
actionskfold/alltogether/f152.jpg,1
actionskfold/alltogether/f66.jpg,1
actionskfold/alltogether/s107.jpg,3
actionskfold/alltogether/o176.jpg,2