filename,label
nFoldImages/alltogether\f116.jpg,1
nFoldImages/alltogether\o169.jpg,2
nFoldImages/alltogether\s140.jpg,3
nFoldImages/alltogether\o74.jpg,2
nFoldImages/alltogether\o139.jpg,2
nFoldImages/alltogether\f79.jpg,1
nFoldImages/alltogether\s59.jpg,3
nFoldImages/alltogether\o134.jpg,2
nFoldImages/alltogether\s91.jpg,3
nFoldImages/alltogether\s110.jpg,3
nFoldImages/alltogether\o19.jpg,2
nFoldImages/alltogether\o159.jpg,2
nFoldImages/alltogether\f17.jpg,1
nFoldImages/alltogether\f123.jpg,1
nFoldImages/alltogether\o130.jpg,2
nFoldImages/alltogether\s106.jpg,3
nFoldImages/alltogether\o38.jpg,2
nFoldImages/alltogether\o23.jpg,2
nFoldImages/alltogether\s44.jpg,3
nFoldImages/alltogether\o30.jpg,2
nFoldImages/alltogether\f187.jpg,1
nFoldImages/alltogether\o77.jpg,2
nFoldImages/alltogether\s17.jpg,3
nFoldImages/alltogether\o12.jpg,2
nFoldImages/alltogether\o51.jpg,2
nFoldImages/alltogether\f144.jpg,1
nFoldImages/alltogether\f147.jpg,1
nFoldImages/alltogether\o188.jpg,2
nFoldImages/alltogether\o20.jpg,2
nFoldImages/alltogether\f39.jpg,1
nFoldImages/alltogether\f65.jpg,1
nFoldImages/alltogether\f70.jpg,1
nFoldImages/alltogether\s157.jpg,3
nFoldImages/alltogether\s56.jpg,3
nFoldImages/alltogether\o86.jpg,2
nFoldImages/alltogether\o140.jpg,2
nFoldImages/alltogether\f185.jpg,1
nFoldImages/alltogether\s43.jpg,3
nFoldImages/alltogether\s54.jpg,3
nFoldImages/alltogether\s39.jpg,3
nFoldImages/alltogether\s68.jpg,3
nFoldImages/alltogether\f115.jpg,1
nFoldImages/alltogether\o145.jpg,2
nFoldImages/alltogether\s146.jpg,3
nFoldImages/alltogether\s148.jpg,3
nFoldImages/alltogether\o32.jpg,2
nFoldImages/alltogether\f120.jpg,1
nFoldImages/alltogether\f18.jpg,1
nFoldImages/alltogether\f95.jpg,1
nFoldImages/alltogether\s129.jpg,3
nFoldImages/alltogether\o82.jpg,2
nFoldImages/alltogether\f85.jpg,1
nFoldImages/alltogether\s81.jpg,3
nFoldImages/alltogether\f104.jpg,1
nFoldImages/alltogether\o45.jpg,2
nFoldImages/alltogether\s170.jpg,3
nFoldImages/alltogether\s51.jpg,3
nFoldImages/alltogether\o52.jpg,2
nFoldImages/alltogether\s32.jpg,3
nFoldImages/alltogether\f141.jpg,1
nFoldImages/alltogether\s113.jpg,3
nFoldImages/alltogether\s21.jpg,3
nFoldImages/alltogether\f62.jpg,1
nFoldImages/alltogether\f135.jpg,1
nFoldImages/alltogether\s78.jpg,3
nFoldImages/alltogether\f167.jpg,1
nFoldImages/alltogether\f126.jpg,1
nFoldImages/alltogether\s99.jpg,3
nFoldImages/alltogether\o116.jpg,2
nFoldImages/alltogether\s92.jpg,3
nFoldImages/alltogether\f103.jpg,1
nFoldImages/alltogether\s179.jpg,3
nFoldImages/alltogether\f86.jpg,1
nFoldImages/alltogether\s60.jpg,3
nFoldImages/alltogether\s123.jpg,3
nFoldImages/alltogether\s160.jpg,3
nFoldImages/alltogether\s159.jpg,3
nFoldImages/alltogether\f168.jpg,1
nFoldImages/alltogether\f182.jpg,1
nFoldImages/alltogether\s45.jpg,3
nFoldImages/alltogether\o106.jpg,2
nFoldImages/alltogether\f36.jpg,1
nFoldImages/alltogether\o186.jpg,2
nFoldImages/alltogether\o109.jpg,2
nFoldImages/alltogether\o90.jpg,2
nFoldImages/alltogether\o34.jpg,2
nFoldImages/alltogether\o118.jpg,2
nFoldImages/alltogether\s29.jpg,3
nFoldImages/alltogether\o187.jpg,2
nFoldImages/alltogether\s87.jpg,3
nFoldImages/alltogether\s122.jpg,3
nFoldImages/alltogether\f132.jpg,1
nFoldImages/alltogether\f74.jpg,1
nFoldImages/alltogether\o132.jpg,2
nFoldImages/alltogether\o13.jpg,2
nFoldImages/alltogether\o88.jpg,2
nFoldImages/alltogether\s165.jpg,3
nFoldImages/alltogether\f48.jpg,1
nFoldImages/alltogether\o48.jpg,2
nFoldImages/alltogether\s180.jpg,3
nFoldImages/alltogether\o9.jpg,2
nFoldImages/alltogether\s137.jpg,3
nFoldImages/alltogether\f154.jpg,1
nFoldImages/alltogether\o70.jpg,2
nFoldImages/alltogether\f81.jpg,1
nFoldImages/alltogether\s175.jpg,3
nFoldImages/alltogether\s162.jpg,3
nFoldImages/alltogether\f133.jpg,1
nFoldImages/alltogether\f16.jpg,1
nFoldImages/alltogether\s38.jpg,3
nFoldImages/alltogether\s121.jpg,3
nFoldImages/alltogether\f20.jpg,1
nFoldImages/alltogether\o92.jpg,2
nFoldImages/alltogether\o189.jpg,2
nFoldImages/alltogether\s58.jpg,3
nFoldImages/alltogether\f90.jpg,1
nFoldImages/alltogether\s178.jpg,3
nFoldImages/alltogether\o78.jpg,2
nFoldImages/alltogether\o112.jpg,2
nFoldImages/alltogether\o46.jpg,2
nFoldImages/alltogether\s183.jpg,3
nFoldImages/alltogether\s96.jpg,3
nFoldImages/alltogether\o125.jpg,2
nFoldImages/alltogether\o62.jpg,2
nFoldImages/alltogether\f52.jpg,1
nFoldImages/alltogether\s27.jpg,3
nFoldImages/alltogether\f127.jpg,1
nFoldImages/alltogether\f44.jpg,1
nFoldImages/alltogether\s9.jpg,3
nFoldImages/alltogether\f155.jpg,1
nFoldImages/alltogether\o143.jpg,2
nFoldImages/alltogether\s40.jpg,3
nFoldImages/alltogether\s11.jpg,3
nFoldImages/alltogether\f100.jpg,1
nFoldImages/alltogether\s131.jpg,3
nFoldImages/alltogether\o178.jpg,2
nFoldImages/alltogether\s149.jpg,3
nFoldImages/alltogether\o179.jpg,2
nFoldImages/alltogether\f176.jpg,1
nFoldImages/alltogether\f75.jpg,1
nFoldImages/alltogether\s163.jpg,3
nFoldImages/alltogether\s42.jpg,3
nFoldImages/alltogether\s63.jpg,3
nFoldImages/alltogether\f91.jpg,1
nFoldImages/alltogether\s156.jpg,3
nFoldImages/alltogether\s116.jpg,3
nFoldImages/alltogether\o63.jpg,2
nFoldImages/alltogether\o121.jpg,2
nFoldImages/alltogether\f28.jpg,1
nFoldImages/alltogether\s173.jpg,3
nFoldImages/alltogether\o41.jpg,2
nFoldImages/alltogether\s97.jpg,3
nFoldImages/alltogether\o137.jpg,2
nFoldImages/alltogether\o172.jpg,2
nFoldImages/alltogether\s67.jpg,3
nFoldImages/alltogether\f25.jpg,1
nFoldImages/alltogether\f142.jpg,1
nFoldImages/alltogether\s171.jpg,3
nFoldImages/alltogether\f131.jpg,1
nFoldImages/alltogether\f38.jpg,1
nFoldImages/alltogether\s111.jpg,3
nFoldImages/alltogether\o53.jpg,2
nFoldImages/alltogether\s71.jpg,3
nFoldImages/alltogether\o67.jpg,2
nFoldImages/alltogether\s3.jpg,3
nFoldImages/alltogether\f19.jpg,1
nFoldImages/alltogether\f83.jpg,1
nFoldImages/alltogether\f5.jpg,1
nFoldImages/alltogether\f10.jpg,1
nFoldImages/alltogether\s52.jpg,3
nFoldImages/alltogether\s57.jpg,3
nFoldImages/alltogether\o103.jpg,2
nFoldImages/alltogether\o87.jpg,2
nFoldImages/alltogether\o39.jpg,2
nFoldImages/alltogether\s98.jpg,3
nFoldImages/alltogether\o136.jpg,2
nFoldImages/alltogether\s36.jpg,3
nFoldImages/alltogether\o66.jpg,2
nFoldImages/alltogether\f88.jpg,1
nFoldImages/alltogether\o21.jpg,2
nFoldImages/alltogether\f41.jpg,1
nFoldImages/alltogether\s5.jpg,3
nFoldImages/alltogether\f35.jpg,1
nFoldImages/alltogether\o157.jpg,2
nFoldImages/alltogether\o180.jpg,2
nFoldImages/alltogether\f106.jpg,1
nFoldImages/alltogether\o128.jpg,2
nFoldImages/alltogether\o113.jpg,2
nFoldImages/alltogether\f169.jpg,1
nFoldImages/alltogether\f1.jpg,1
nFoldImages/alltogether\o149.jpg,2
nFoldImages/alltogether\s150.jpg,3
nFoldImages/alltogether\s22.jpg,3
nFoldImages/alltogether\o171.jpg,2
nFoldImages/alltogether\o36.jpg,2
nFoldImages/alltogether\o27.jpg,2
nFoldImages/alltogether\s53.jpg,3
nFoldImages/alltogether\o95.jpg,2
nFoldImages/alltogether\s1.jpg,3
nFoldImages/alltogether\o182.jpg,2
nFoldImages/alltogether\f136.jpg,1
nFoldImages/alltogether\s90.jpg,3
nFoldImages/alltogether\f143.jpg,1
nFoldImages/alltogether\f60.jpg,1
nFoldImages/alltogether\s144.jpg,3
nFoldImages/alltogether\o58.jpg,2
nFoldImages/alltogether\s105.jpg,3
nFoldImages/alltogether\o122.jpg,2
nFoldImages/alltogether\f101.jpg,1
nFoldImages/alltogether\s93.jpg,3
nFoldImages/alltogether\s7.jpg,3
nFoldImages/alltogether\f148.jpg,1
nFoldImages/alltogether\o131.jpg,2
nFoldImages/alltogether\f82.jpg,1
nFoldImages/alltogether\s50.jpg,3
nFoldImages/alltogether\f26.jpg,1
nFoldImages/alltogether\s118.jpg,3
nFoldImages/alltogether\o25.jpg,2
nFoldImages/alltogether\f184.jpg,1
nFoldImages/alltogether\o69.jpg,2
nFoldImages/alltogether\s161.jpg,3
nFoldImages/alltogether\f186.jpg,1
nFoldImages/alltogether\s125.jpg,3
nFoldImages/alltogether\s134.jpg,3
nFoldImages/alltogether\f166.jpg,1
nFoldImages/alltogether\o11.jpg,2
nFoldImages/alltogether\o71.jpg,2
nFoldImages/alltogether\f21.jpg,1
nFoldImages/alltogether\f69.jpg,1
nFoldImages/alltogether\o102.jpg,2
nFoldImages/alltogether\s70.jpg,3
nFoldImages/alltogether\s119.jpg,3
nFoldImages/alltogether\f163.jpg,1
nFoldImages/alltogether\f2.jpg,1
nFoldImages/alltogether\o6.jpg,2
nFoldImages/alltogether\s158.jpg,3
nFoldImages/alltogether\f63.jpg,1
nFoldImages/alltogether\f130.jpg,1
nFoldImages/alltogether\o111.jpg,2
nFoldImages/alltogether\o68.jpg,2
nFoldImages/alltogether\o110.jpg,2
nFoldImages/alltogether\o150.jpg,2
nFoldImages/alltogether\f76.jpg,1
nFoldImages/alltogether\o22.jpg,2
nFoldImages/alltogether\o89.jpg,2
nFoldImages/alltogether\o28.jpg,2
nFoldImages/alltogether\s49.jpg,3
nFoldImages/alltogether\f67.jpg,1
nFoldImages/alltogether\s114.jpg,3
nFoldImages/alltogether\o164.jpg,2
nFoldImages/alltogether\s139.jpg,3
nFoldImages/alltogether\f160.jpg,1
nFoldImages/alltogether\s104.jpg,3
nFoldImages/alltogether\o83.jpg,2
nFoldImages/alltogether\f94.jpg,1
nFoldImages/alltogether\o184.jpg,2
nFoldImages/alltogether\o183.jpg,2
nFoldImages/alltogether\f111.jpg,1
nFoldImages/alltogether\o47.jpg,2
nFoldImages/alltogether\f139.jpg,1
nFoldImages/alltogether\f150.jpg,1
nFoldImages/alltogether\f56.jpg,1
nFoldImages/alltogether\s20.jpg,3
nFoldImages/alltogether\f77.jpg,1
nFoldImages/alltogether\f114.jpg,1
nFoldImages/alltogether\s86.jpg,3
nFoldImages/alltogether\s10.jpg,3
nFoldImages/alltogether\f124.jpg,1
nFoldImages/alltogether\o17.jpg,2
nFoldImages/alltogether\s128.jpg,3
nFoldImages/alltogether\s135.jpg,3
nFoldImages/alltogether\f137.jpg,1
nFoldImages/alltogether\f164.jpg,1
nFoldImages/alltogether\s25.jpg,3
nFoldImages/alltogether\s187.jpg,3
nFoldImages/alltogether\s100.jpg,3
nFoldImages/alltogether\f110.jpg,1
nFoldImages/alltogether\o161.jpg,2
nFoldImages/alltogether\o177.jpg,2
nFoldImages/alltogether\f40.jpg,1
nFoldImages/alltogether\f87.jpg,1
nFoldImages/alltogether\s182.jpg,3
nFoldImages/alltogether\o73.jpg,2
nFoldImages/alltogether\o175.jpg,2
nFoldImages/alltogether\f152.jpg,1
nFoldImages/alltogether\s16.jpg,3
nFoldImages/alltogether\o174.jpg,2
nFoldImages/alltogether\o60.jpg,2
nFoldImages/alltogether\f99.jpg,1
nFoldImages/alltogether\f157.jpg,1
nFoldImages/alltogether\f129.jpg,1
nFoldImages/alltogether\o42.jpg,2
nFoldImages/alltogether\f53.jpg,1
nFoldImages/alltogether\s152.jpg,3
nFoldImages/alltogether\o151.jpg,2
nFoldImages/alltogether\s172.jpg,3
nFoldImages/alltogether\f121.jpg,1
nFoldImages/alltogether\o96.jpg,2
nFoldImages/alltogether\s47.jpg,3
nFoldImages/alltogether\f89.jpg,1
nFoldImages/alltogether\f161.jpg,1
nFoldImages/alltogether\o165.jpg,2
nFoldImages/alltogether\s80.jpg,3
nFoldImages/alltogether\s35.jpg,3
nFoldImages/alltogether\f34.jpg,1
nFoldImages/alltogether\s145.jpg,3
nFoldImages/alltogether\f72.jpg,1
nFoldImages/alltogether\s84.jpg,3
nFoldImages/alltogether\o94.jpg,2
nFoldImages/alltogether\o54.jpg,2
nFoldImages/alltogether\o40.jpg,2
nFoldImages/alltogether\f42.jpg,1
nFoldImages/alltogether\o138.jpg,2
nFoldImages/alltogether\f11.jpg,1
nFoldImages/alltogether\o176.jpg,2
nFoldImages/alltogether\s15.jpg,3
nFoldImages/alltogether\o154.jpg,2
nFoldImages/alltogether\o185.jpg,2
nFoldImages/alltogether\o181.jpg,2
nFoldImages/alltogether\f138.jpg,1
nFoldImages/alltogether\f27.jpg,1
nFoldImages/alltogether\f55.jpg,1
nFoldImages/alltogether\f149.jpg,1
nFoldImages/alltogether\f33.jpg,1
nFoldImages/alltogether\o79.jpg,2
nFoldImages/alltogether\o123.jpg,2
nFoldImages/alltogether\f117.jpg,1
nFoldImages/alltogether\o124.jpg,2
nFoldImages/alltogether\o147.jpg,2
nFoldImages/alltogether\f57.jpg,1
nFoldImages/alltogether\o168.jpg,2
nFoldImages/alltogether\o190.jpg,2
nFoldImages/alltogether\o1.jpg,2
nFoldImages/alltogether\f172.jpg,1
nFoldImages/alltogether\f30.jpg,1
nFoldImages/alltogether\f15.jpg,1
nFoldImages/alltogether\f174.jpg,1
nFoldImages/alltogether\f23.jpg,1
nFoldImages/alltogether\f61.jpg,1
nFoldImages/alltogether\f50.jpg,1
nFoldImages/alltogether\s101.jpg,3
nFoldImages/alltogether\s164.jpg,3
nFoldImages/alltogether\f64.jpg,1
nFoldImages/alltogether\o142.jpg,2
nFoldImages/alltogether\s107.jpg,3
nFoldImages/alltogether\s48.jpg,3
nFoldImages/alltogether\f80.jpg,1
nFoldImages/alltogether\o8.jpg,2
nFoldImages/alltogether\f178.jpg,1
nFoldImages/alltogether\f146.jpg,1
nFoldImages/alltogether\s154.jpg,3
nFoldImages/alltogether\o163.jpg,2
nFoldImages/alltogether\f45.jpg,1
nFoldImages/alltogether\s168.jpg,3
nFoldImages/alltogether\o126.jpg,2
nFoldImages/alltogether\s177.jpg,3
nFoldImages/alltogether\s34.jpg,3
nFoldImages/alltogether\o61.jpg,2
nFoldImages/alltogether\o146.jpg,2
nFoldImages/alltogether\o155.jpg,2
nFoldImages/alltogether\f14.jpg,1
nFoldImages/alltogether\s85.jpg,3
nFoldImages/alltogether\o167.jpg,2
nFoldImages/alltogether\s4.jpg,3
nFoldImages/alltogether\s176.jpg,3
nFoldImages/alltogether\s143.jpg,3
nFoldImages/alltogether\s61.jpg,3
nFoldImages/alltogether\f183.jpg,1
nFoldImages/alltogether\s142.jpg,3
nFoldImages/alltogether\o37.jpg,2
nFoldImages/alltogether\o57.jpg,2
nFoldImages/alltogether\f105.jpg,1
nFoldImages/alltogether\f78.jpg,1
nFoldImages/alltogether\s6.jpg,3
nFoldImages/alltogether\f118.jpg,1
nFoldImages/alltogether\o15.jpg,2
nFoldImages/alltogether\o173.jpg,2
nFoldImages/alltogether\f171.jpg,1
nFoldImages/alltogether\o120.jpg,2
nFoldImages/alltogether\o49.jpg,2
nFoldImages/alltogether\f113.jpg,1
nFoldImages/alltogether\s88.jpg,3
nFoldImages/alltogether\s14.jpg,3
nFoldImages/alltogether\f8.jpg,1
nFoldImages/alltogether\o24.jpg,2
nFoldImages/alltogether\f173.jpg,1
nFoldImages/alltogether\f181.jpg,1
nFoldImages/alltogether\s155.jpg,3
nFoldImages/alltogether\s89.jpg,3
nFoldImages/alltogether\s72.jpg,3
nFoldImages/alltogether\o65.jpg,2
nFoldImages/alltogether\s46.jpg,3
nFoldImages/alltogether\o76.jpg,2
nFoldImages/alltogether\f159.jpg,1
nFoldImages/alltogether\o81.jpg,2
nFoldImages/alltogether\s76.jpg,3
nFoldImages/alltogether\o129.jpg,2
nFoldImages/alltogether\f102.jpg,1
nFoldImages/alltogether\o162.jpg,2
nFoldImages/alltogether\f71.jpg,1
nFoldImages/alltogether\s94.jpg,3
nFoldImages/alltogether\f140.jpg,1
nFoldImages/alltogether\o144.jpg,2
nFoldImages/alltogether\f177.jpg,1
nFoldImages/alltogether\f98.jpg,1
nFoldImages/alltogether\f145.jpg,1
nFoldImages/alltogether\o29.jpg,2
nFoldImages/alltogether\f125.jpg,1
nFoldImages/alltogether\s151.jpg,3
nFoldImages/alltogether\o72.jpg,2
nFoldImages/alltogether\s167.jpg,3
nFoldImages/alltogether\f107.jpg,1
nFoldImages/alltogether\s73.jpg,3
nFoldImages/alltogether\o91.jpg,2
nFoldImages/alltogether\o31.jpg,2
nFoldImages/alltogether\s120.jpg,3
nFoldImages/alltogether\s12.jpg,3
nFoldImages/alltogether\s28.jpg,3
nFoldImages/alltogether\f43.jpg,1
nFoldImages/alltogether\o3.jpg,2
nFoldImages/alltogether\f66.jpg,1
nFoldImages/alltogether\f134.jpg,1
nFoldImages/alltogether\f32.jpg,1
nFoldImages/alltogether\f153.jpg,1
nFoldImages/alltogether\o115.jpg,2
nFoldImages/alltogether\o170.jpg,2
nFoldImages/alltogether\f31.jpg,1
nFoldImages/alltogether\f162.jpg,1
nFoldImages/alltogether\o99.jpg,2
nFoldImages/alltogether\s62.jpg,3
nFoldImages/alltogether\f108.jpg,1
nFoldImages/alltogether\f49.jpg,1
nFoldImages/alltogether\o98.jpg,2
nFoldImages/alltogether\s75.jpg,3
nFoldImages/alltogether\f73.jpg,1
nFoldImages/alltogether\o105.jpg,2
nFoldImages/alltogether\o100.jpg,2
nFoldImages/alltogether\o75.jpg,2
nFoldImages/alltogether\s65.jpg,3
nFoldImages/alltogether\s133.jpg,3
nFoldImages/alltogether\o26.jpg,2
nFoldImages/alltogether\f165.jpg,1
nFoldImages/alltogether\s82.jpg,3
nFoldImages/alltogether\s103.jpg,3
nFoldImages/alltogether\f13.jpg,1
nFoldImages/alltogether\f4.jpg,1
nFoldImages/alltogether\o50.jpg,2
nFoldImages/alltogether\o4.jpg,2
nFoldImages/alltogether\o97.jpg,2
nFoldImages/alltogether\f96.jpg,1
nFoldImages/alltogether\s13.jpg,3
nFoldImages/alltogether\o80.jpg,2
nFoldImages/alltogether\o16.jpg,2
nFoldImages/alltogether\s83.jpg,3
nFoldImages/alltogether\f93.jpg,1
nFoldImages/alltogether\s77.jpg,3
nFoldImages/alltogether\o107.jpg,2
nFoldImages/alltogether\s181.jpg,3
nFoldImages/alltogether\o85.jpg,2
nFoldImages/alltogether\o133.jpg,2
nFoldImages/alltogether\s108.jpg,3
nFoldImages/alltogether\o10.jpg,2
nFoldImages/alltogether\s184.jpg,3
nFoldImages/alltogether\s64.jpg,3
nFoldImages/alltogether\f68.jpg,1
nFoldImages/alltogether\s147.jpg,3
nFoldImages/alltogether\s127.jpg,3
nFoldImages/alltogether\o127.jpg,2
nFoldImages/alltogether\f119.jpg,1
nFoldImages/alltogether\s117.jpg,3
nFoldImages/alltogether\s37.jpg,3
nFoldImages/alltogether\s174.jpg,3
nFoldImages/alltogether\f128.jpg,1
nFoldImages/alltogether\s66.jpg,3
nFoldImages/alltogether\o141.jpg,2
nFoldImages/alltogether\f22.jpg,1
nFoldImages/alltogether\o56.jpg,2
nFoldImages/alltogether\s74.jpg,3
nFoldImages/alltogether\s112.jpg,3
nFoldImages/alltogether\o135.jpg,2
nFoldImages/alltogether\f112.jpg,1
nFoldImages/alltogether\o35.jpg,2
nFoldImages/alltogether\s2.jpg,3
nFoldImages/alltogether\s166.jpg,3
nFoldImages/alltogether\f47.jpg,1
nFoldImages/alltogether\f170.jpg,1
nFoldImages/alltogether\o104.jpg,2
nFoldImages/alltogether\s153.jpg,3
nFoldImages/alltogether\s69.jpg,3
nFoldImages/alltogether\s115.jpg,3
nFoldImages/alltogether\s169.jpg,3
nFoldImages/alltogether\o84.jpg,2
nFoldImages/alltogether\o64.jpg,2
nFoldImages/alltogether\s136.jpg,3
nFoldImages/alltogether\f179.jpg,1
nFoldImages/alltogether\o18.jpg,2
nFoldImages/alltogether\s126.jpg,3
nFoldImages/alltogether\f84.jpg,1
nFoldImages/alltogether\s132.jpg,3
nFoldImages/alltogether\s8.jpg,3
nFoldImages/alltogether\s19.jpg,3
nFoldImages/alltogether\f156.jpg,1
nFoldImages/alltogether\s31.jpg,3
nFoldImages/alltogether\o153.jpg,2
nFoldImages/alltogether\f175.jpg,1
nFoldImages/alltogether\f109.jpg,1
nFoldImages/alltogether\s24.jpg,3
nFoldImages/alltogether\s102.jpg,3
nFoldImages/alltogether\f122.jpg,1
nFoldImages/alltogether\s79.jpg,3
nFoldImages/alltogether\s186.jpg,3
nFoldImages/alltogether\o108.jpg,2
nFoldImages/alltogether\o33.jpg,2
nFoldImages/alltogether\f92.jpg,1
nFoldImages/alltogether\o156.jpg,2
nFoldImages/alltogether\s141.jpg,3
nFoldImages/alltogether\s23.jpg,3
nFoldImages/alltogether\f59.jpg,1
nFoldImages/alltogether\o55.jpg,2
nFoldImages/alltogether\s124.jpg,3
nFoldImages/alltogether\f54.jpg,1
nFoldImages/alltogether\f24.jpg,1
nFoldImages/alltogether\s138.jpg,3
nFoldImages/alltogether\o160.jpg,2
nFoldImages/alltogether\o2.jpg,2
nFoldImages/alltogether\f51.jpg,1
nFoldImages/alltogether\f7.jpg,1
nFoldImages/alltogether\o148.jpg,2
nFoldImages/alltogether\o44.jpg,2
nFoldImages/alltogether\s41.jpg,3
nFoldImages/alltogether\f12.jpg,1
nFoldImages/alltogether\o158.jpg,2
nFoldImages/alltogether\s130.jpg,3
nFoldImages/alltogether\f151.jpg,1
nFoldImages/alltogether\f46.jpg,1
nFoldImages/alltogether\f9.jpg,1
nFoldImages/alltogether\o59.jpg,2
nFoldImages/alltogether\o101.jpg,2
nFoldImages/alltogether\f29.jpg,1
nFoldImages/alltogether\o117.jpg,2
nFoldImages/alltogether\s18.jpg,3
nFoldImages/alltogether\o14.jpg,2
nFoldImages/alltogether\f180.jpg,1
nFoldImages/alltogether\f97.jpg,1
nFoldImages/alltogether\f6.jpg,1
nFoldImages/alltogether\s95.jpg,3
nFoldImages/alltogether\o7.jpg,2
nFoldImages/alltogether\o166.jpg,2
nFoldImages/alltogether\o5.jpg,2
nFoldImages/alltogether\s33.jpg,3
nFoldImages/alltogether\s109.jpg,3
nFoldImages/alltogether\f3.jpg,1
nFoldImages/alltogether\s30.jpg,3
nFoldImages/alltogether\f58.jpg,1
nFoldImages/alltogether\s55.jpg,3
nFoldImages/alltogether\o93.jpg,2
nFoldImages/alltogether\f37.jpg,1
nFoldImages/alltogether\o114.jpg,2
nFoldImages/alltogether\s185.jpg,3
nFoldImages/alltogether\s26.jpg,3
nFoldImages/alltogether\o43.jpg,2
nFoldImages/alltogether\o152.jpg,2
nFoldImages/alltogether\f158.jpg,1
nFoldImages/alltogether\o119.jpg,2
